{
  "frame_bb": {
    "min": {
      "x": 0.0,
      "y": 0.0,
      "z": 0.0
    },
    "max": {
      "x": 304.8,
      "y": 304.80000000000007,
      "z": 304.8
    },
    "size": {
      "x": 304.8,
      "y": 304.80000000000007,
      "z": 304.8
    },
    "center": {
      "x": 152.4,
      "y": 152.40000000000003,
      "z": 152.4
    }
  }
}