{
  "motor": {
    "position": {
      "x": 0.1472,
      "y": 0.3103,
      "z": 0.3529
    },
    "rotation": {
      "x": 0.707107,
      "y": -0.0,
      "z": 0.0,
      "w": 0.707107
    }
  },
  "Motor Piece": {
    "position": {
      "x": 0.1618,
      "y": 0.3212,
      "z": 0.3289
    },
    "rotation": {
      "x": -0.5,
      "y": 0.5,
      "z": 0.5,
      "w": -0.5
    }
  },
  "Rod 1": {
    "position": {
      "x": 0.1757,
      "y": 0.3182,
      "z": 0.3407
    },
    "rotation": {
      "x": -0.707107,
      "y": -0.0,
      "z": 0.707107,
      "w": -0.0
    }
  },
  "Rod 2": {
    "position": {
      "x": 0.1207,
      "y": 0.3182,
      "z": 0.3407
    },
    "rotation": {
      "x": -0.707107,
      "y": -0.0,
      "z": 0.707107,
      "w": -0.0
    }
  },
  "Frame": {
    "position": {
      "x": 0.0,
      "y": 0.0,
      "z": 0.0
    },
    "rotation": {
      "x": -0.0,
      "y": -0.0,
      "z": -0.0,
      "w": 1.0
    }
  },
  "Idler": {
    "position": {
      "x": 0.1346,
      "y": -0.0064,
      "z": 0.328
    },
    "rotation": {
      "x": 0.5,
      "y": 0.5,
      "z": 0.5,
      "w": 0.5
    }
  },
  "Z2 Half Carriage": {
    "position": {
      "x": 0.1476,
      "y": 0.0592,
      "z": 0.3255
    },
    "rotation": {
      "x": -0.0,
      "y": 0.0,
      "z": -1.0,
      "w": -0.0
    }
  },
  "Idler001": {
    "position": {
      "x": 0.1598,
      "y": -0.0062,
      "z": -0.0232
    },
    "rotation": {
      "x": -0.5,
      "y": -0.5,
      "z": 0.5,
      "w": 0.5
    }
  },
  "Z1 Half Carriage": {
    "position": {
      "x": 0.1459,
      "y": 0.0594,
      "z": -0.0202
    },
    "rotation": {
      "x": -1.0,
      "y": -0.0,
      "z": 0.0,
      "w": 0.0
    }
  },
  "motor001": {
    "position": {
      "x": 0.1472,
      "y": 0.3105,
      "z": -0.0481
    },
    "rotation": {
      "x": -0.0,
      "y": 0.707107,
      "z": -0.707107,
      "w": 0.0
    }
  },
  "Motor Piece001": {
    "position": {
      "x": 0.1326,
      "y": 0.3214,
      "z": -0.0241
    },
    "rotation": {
      "x": -0.5,
      "y": 0.5,
      "z": -0.5,
      "w": 0.5
    }
  },
  "Rod 003": {
    "position": {
      "x": 0.1187,
      "y": 0.3184,
      "z": -0.0359
    },
    "rotation": {
      "x": -0.707107,
      "y": 0.0,
      "z": -0.707107,
      "w": -0.0
    }
  },
  "Rod 004": {
    "position": {
      "x": 0.1737,
      "y": 0.3184,
      "z": -0.0359
    },
    "rotation": {
      "x": -0.707107,
      "y": 0.0,
      "z": -0.707107,
      "w": -0.0
    }
  },
  "Idler002": {
    "position": {
      "x": 0.0,
      "y": 0.283,
      "z": -0.0065
    },
    "rotation": {
      "x": 0.5,
      "y": -0.5,
      "z": 0.5,
      "w": 0.5
    }
  },
  "motor002": {
    "position": {
      "x": -0.024,
      "y": 0.2705,
      "z": 0.3475
    },
    "rotation": {
      "x": -0.707107,
      "y": 0.707107,
      "z": -0.0,
      "w": 0.0
    }
  },
  "Rod 005": {
    "position": {
      "x": -0.0127,
      "y": 0.242,
      "z": 0.3603
    },
    "rotation": {
      "x": -0.707107,
      "y": 0.0,
      "z": -0.0,
      "w": 0.707107
    }
  },
  "Rod 006": {
    "position": {
      "x": -0.0127,
      "y": 0.297,
      "z": 0.3643
    },
    "rotation": {
      "x": -0.707107,
      "y": 0.0,
      "z": -0.0,
      "w": 0.707107
    }
  },
  "Full Carriage": {
    "position": {
      "x": -0.0006,
      "y": 0.2746,
      "z": 0.1387
    },
    "rotation": {
      "x": -0.5,
      "y": 0.5,
      "z": 0.5,
      "w": 0.5
    }
  },
  "Idler003": {
    "position": {
      "x": 0.3048,
      "y": 0.2555,
      "z": -0.0032
    },
    "rotation": {
      "x": -0.5,
      "y": -0.5,
      "z": -0.5,
      "w": 0.5
    }
  },
  "motor003": {
    "position": {
      "x": 0.3298,
      "y": 0.268,
      "z": 0.3478
    },
    "rotation": {
      "x": -0.707107,
      "y": -0.707107,
      "z": -0.0,
      "w": 0.0
    }
  },
  "Rod 007": {
    "position": {
      "x": 0.3176,
      "y": 0.2966,
      "z": 0.3613
    },
    "rotation": {
      "x": -0.0,
      "y": -0.707107,
      "z": 0.707107,
      "w": 0.0
    }
  },
  "Rod 008": {
    "position": {
      "x": 0.3176,
      "y": 0.2416,
      "z": 0.3567
    },
    "rotation": {
      "x": -0.0,
      "y": -0.707107,
      "z": 0.707107,
      "w": 0.0
    }
  },
  "Full Carriage001": {
    "position": {
      "x": 0.3055,
      "y": 0.265,
      "z": 0.1409
    },
    "rotation": {
      "x": -0.5,
      "y": -0.5,
      "z": 0.5,
      "w": -0.5
    }
  },
  "z1 spacer 1": {
    "position": {
      "x": 0.1329,
      "y": 0.3138,
      "z": -0.0001
    },
    "rotation": {
      "x": -0.5,
      "y": 0.5,
      "z": -0.5,
      "w": 0.5
    }
  },
  "z1 spacer 002": {
    "position": {
      "x": 0.1323,
      "y": 0.0336,
      "z": -0.0001
    },
    "rotation": {
      "x": -0.5,
      "y": 0.5,
      "z": -0.5,
      "w": 0.5
    }
  },
  "Bed clamp 1": {
    "position": {
      "x": 0.1314,
      "y": 0.0573,
      "z": -0.0303
    },
    "rotation": {
      "x": -0.707107,
      "y": 0.0,
      "z": -0.707107,
      "w": -0.0
    }
  },
  "Bed clamp 002": {
    "position": {
      "x": 0.1314,
      "y": 0.0335,
      "z": 0.3362
    },
    "rotation": {
      "x": -0.0,
      "y": 0.707107,
      "z": 0.0,
      "w": 0.707107
    }
  },
  "Bed Rod 1": {
    "position": {
      "x": 0.1204,
      "y": 0.0463,
      "z": 0.3217
    },
    "rotation": {
      "x": -0.707107,
      "y": 0.0,
      "z": -0.0,
      "w": 0.707107
    }
  },
  "Bed Rod 002": {
    "position": {
      "x": 0.1732,
      "y": 0.045,
      "z": 0.3217
    },
    "rotation": {
      "x": -0.707107,
      "y": 0.0,
      "z": -0.0,
      "w": 0.707107
    }
  },
  "Heated plate": {
    "position": {
      "x": 0.0348,
      "y": 0.0931,
      "z": 0.029
    },
    "rotation": {
      "x": -0.0,
      "y": -0.0,
      "z": -0.0,
      "w": 1.0
    }
  },
  "z2 spacer": {
    "position": {
      "x": 0.1333,
      "y": 0.3138,
      "z": 0.3292
    },
    "rotation": {
      "x": -0.5,
      "y": 0.5,
      "z": -0.5,
      "w": 0.5
    }
  },
  "z2 spacer 2": {
    "position": {
      "x": 0.1327,
      "y": 0.0336,
      "z": 0.3292
    },
    "rotation": {
      "x": -0.5,
      "y": 0.5,
      "z": -0.5,
      "w": 0.5
    }
  },
  "Motor Side001": {
    "position": {
      "x": -0.024,
      "y": 0.2841,
      "z": 0.3627
    },
    "rotation": {
      "x": -0.5,
      "y": -0.5,
      "z": 0.5,
      "w": -0.5
    }
  },
  "Y2 Bracket": {
    "position": {
      "x": 0.3304,
      "y": 0.1215,
      "z": 0.6275
    },
    "rotation": {
      "x": -0.707107,
      "y": -0.0,
      "z": -0.0,
      "w": 0.707107
    }
  },
  "Motor Side002": {
    "position": {
      "x": 0.3056,
      "y": 0.2807,
      "z": 0.3627
    },
    "rotation": {
      "x": -0.5,
      "y": -0.5,
      "z": 0.5,
      "w": -0.5
    }
  },
  "Y1 Bracket": {
    "position": {
      "x": -0.0251,
      "y": 0.4159,
      "z": 0.6275
    },
    "rotation": {
      "x": -0.0,
      "y": -0.707107,
      "z": 0.707107,
      "w": 0.0
    }
  },
  "Bed Raiser": {
    "position": {
      "x": 0.1314,
      "y": 0.0573,
      "z": 0.0461
    },
    "rotation": {
      "x": -0.707107,
      "y": 0.0,
      "z": -0.707107,
      "w": -0.0
    }
  },
  "Bed Raiser001": {
    "position": {
      "x": 0.1314,
      "y": 0.0573,
      "z": 0.1718
    },
    "rotation": {
      "x": -0.707107,
      "y": 0.0,
      "z": -0.707107,
      "w": -0.0
    }
  },
  "Bed Raiser002": {
    "position": {
      "x": 0.1314,
      "y": 0.0815,
      "z": 0.046
    },
    "rotation": {
      "x": -0.707107,
      "y": 0.0,
      "z": -0.707107,
      "w": -0.0
    }
  },
  "Bed Raiser003": {
    "position": {
      "x": 0.1314,
      "y": 0.0815,
      "z": 0.1717
    },
    "rotation": {
      "x": -0.707107,
      "y": 0.0,
      "z": -0.707107,
      "w": -0.0
    }
  },