{
  "input_stl": "C:\\Users\\davta\\Repos\\OSE Blueprints Assembler\\Assets\\_Project\\Data\\Packages\\d3d_v18_10\\source_cad\\extruder\\exported\\stl\\Fanholder.stl",
  "output_glb": "C:\\Users\\davta\\Repos\\OSE Blueprints Assembler\\Assets\\_Project\\Data\\Packages\\d3d_v18_10\\source_cad\\extruder\\exported\\glb_candidates\\Fanholder.glb",
  "units": "m",
  "object_count": 1,
  "bound_box": {
    "xmin_m": -0.0966634750366211,
    "xmax_m": 0.02500000037252903,
    "ymin_m": -0.0966634750366211,
    "ymax_m": 0.057560764253139496,
    "zmin_m": -1.7968865953185347e-17,
    "zmax_m": 0.059361882507801056,
    "xlen_m": 0.12166347540915012,
    "ylen_m": 0.1542242392897606,
    "zlen_m": 0.05936188250780108
  }
}