{
  "gripPoint": [
    0.6665090647487106,
    -0.06976333078348593,
    0.03276092637897705
  ],
  "tipPoint": [
    -0.9569399952888489,
    0.07848899811506271,
    -0.06203800067305565
  ],
  "tipAxis": [
    -0.9941767481073744,
    0.09078758420685777,
    -0.058053493232782805
  ],
  "actionAxis": [
    -0.001829260078108015,
    0.19360866738321034,
    0.981077131382474
  ]
}