{
  "input_stl": "C:\\Users\\davta\\Repos\\OSE Blueprints Assembler\\Assets\\_Project\\Data\\Packages\\d3d_v18_10\\source_cad\\extruder_stage02\\exported\\stl\\Brackettop.stl",
  "output_glb": "C:\\Users\\davta\\Repos\\OSE Blueprints Assembler\\Assets\\_Project\\Data\\Packages\\d3d_v18_10\\source_cad\\extruder_stage02\\exported\\glb_candidates\\Brackettop.glb",
  "units": "m",
  "object_count": 1,
  "material_name": "D3D Top Plate Grey",
  "base_color": [
    0.5,
    0.53,
    0.57,
    1.0
  ],
  "metallic": 0.0,
  "roughness": 0.55,
  "bound_box": {
    "xmin_m": -0.031059103086590767,
    "xmax_m": 0.030911894515156746,
    "ymin_m": -0.04168955609202385,
    "ymax_m": 0.03700000047683716,
    "zmin_m": -0.0019999900832772255,
    "zmax_m": 0.012000000104308128,
    "xlen_m": 0.06197099760174751,
    "ylen_m": 0.07868955656886101,
    "zlen_m": 0.013999990187585354
  }
}