{
  "toolId": "tool_mig_torch",
  "toolName": "MIG Torch",
  "glbPath": "Assets/_Project/Data/Packages/d3d_v18_10/assets/tools/tool_mig_torch.glb",
  "geometry": {
    "shapeClass": "shaft",
    "anisotropy": 90.8447996153215,
    "bounds": {
      "min": [
        -0.6447287201881409,
        0.0,
        -0.13976654410362244
      ],
      "max": [
        0.6303972005844116,
        2.0055646896362305,
        0.1390235275030136
      ]
    },
    "centroid": [
      0.06397661722817802,
      1.0784190062739885,
      -0.0024631634176291092
    ]
  },
  "toolPose": {
    "gripPoint": {
      "x": 0.45355,
      "y": 0.32374,
      "z": 0.01083
    },
    "tipPoint": {
      "x": -0.59285,
      "y": 2.00544,
      "z": 0.00753
    },
    "tipAxis": {
      "x": -0.5283,
      "y": 0.84905,
      "z": -0.00167
    },
    "actionAxis": {
      "x": 0.94049,
      "y": 0.33967,
      "z": -0.00957
    }
  }
}