{
  "gripPoint": [
    0.45355155812835335,
    0.3237353194969426,
    0.010825719242676585
  ],
  "tipPoint": [
    -0.5928497910499573,
    2.0054383277893066,
    0.007525241002440453
  ],
  "tipAxis": [
    -0.5283041983417193,
    0.8490535303135965,
    -0.001666336260194474
  ],
  "actionAxis": [
    0.9404948980687317,
    0.33967290749185913,
    -0.009574059886625503
  ]
}