{
  "input_stl": "C:\\Users\\davta\\Repos\\OSE Blueprints Assembler\\Assets\\_Project\\Data\\Packages\\d3d_v18_10\\source_cad\\extruder_stage03\\exported\\stl\\Oseextruder1902_with_2nd_bracket.stl",
  "output_glb": "C:\\Users\\davta\\Repos\\OSE Blueprints Assembler\\Assets\\_Project\\Data\\Packages\\d3d_v18_10\\source_cad\\extruder_stage03\\exported\\glb_candidates\\Oseextruder1902_with_2nd_bracket.glb",
  "units": "m",
  "object_count": 1,
  "material_name": "D3D OSE Extruder Assembly",
  "base_color": [
    0.45,
    0.45,
    0.45,
    1.0
  ],
  "metallic": 0.0,
  "roughness": 0.55,
  "bound_box": {
    "xmin_m": -0.10160000622272491,
    "xmax_m": 0.10160000622272491,
    "ymin_m": -0.027096349745988846,
    "ymax_m": 0.07989611476659775,
    "zmin_m": -0.10160000622272491,
    "zmax_m": 0.10334794968366623,
    "xlen_m": 0.20320001244544983,
    "ylen_m": 0.1069924645125866,
    "zlen_m": 0.20494795590639114
  }
}