{
  "output_glb": "C:\\Users\\davta\\Repos\\OSE Blueprints Assembler\\Assets\\_Project\\Data\\Packages\\d3d_v18_10\\source_cad\\tools\\exported\\glb_candidates\\tool_hex_driver_metric_small_candidate.glb",
  "units": "m",
  "tool_type": "metric_l_key",
  "across_flats_m": 0.0025,
  "short_arm_m": 0.021,
  "long_arm_m": 0.091,
  "bend_radius_m": 0.004,
  "material_name": "Small Metric Hex Driver Steel",
  "roughness": 0.4,
  "pivot": "bend_corner",
  "recommended_tool_pose": {
    "gripPoint": {
      "x": 0.0,
      "y": -0.06369999999999999,
      "z": 0.0
    },
    "tipPoint": {
      "x": 0.0,
      "y": 0.0,
      "z": 0.021
    },
    "tipAxis": {
      "x": 0.0,
      "y": 0.9497217817885489,
      "z": 0.31309509289732385
    },
    "actionAxis": {
      "x": 0.0,
      "y": 0.0,
      "z": 1.0
    },
    "handedness": "either",
    "poseHint": "precision"
  },
  "bound_box": {
    "xmin_m": -0.0012500003213062882,
    "xmax_m": 0.0012500003213062882,
    "ymin_m": -0.09099999815225601,
    "ymax_m": 0.0014433757169172168,
    "zmin_m": -0.0014433758333325386,
    "zmax_m": 0.020999999716877937,
    "xlen_m": 0.0025000006426125765,
    "ylen_m": 0.09244337386917323,
    "zlen_m": 0.022443375550210476
  }
}